show_id,title,original_synopsis,generated_enthusiastic,generated_mysterious,generated_serious,generated_witty
s355,The Last Boy Scout,Private eye Joe Hallenbeck is forced to team up with a disgraced quarterback to uncover a conspiracy by a politician and a football team owner.,"Get ready for THE LAST BOY SCOUT! Bruce Willis and Damon Wayans explode onto the screen! An ex-P.I. and a disgraced quarterback are FORCED to team up against a deadly conspiracy! Prepare for non-stop action, hilarious banter, and pure, unadulterated THRILLS! You won't believe it!","A cynical shadow and a fallen idol are tethered by fate. Beneath the city's glittering facade, a rot festers, threatening to consume all. They must unearth the gilded conspiracy, or become its next forgotten victims.","Tony Scott's kinetic thriller plunges a cynical private eye and a disgraced athlete into a neon-drenched underworld of political corruption. Their unlikely alliance navigates a morally bankrupt system, seeking a sliver of integrity amidst the chaos.","When a burnt-out private eye and a disgraced quarterback are thrown together, bullets fly and cynicism reigns! They're the only ones who can stop a deadly conspiracy, even if they kill each other first. Explosive, witty, and a total blast!"
s553,Holiday on Mars,A scoundrel's mission to escape his family and remarry on Mars is hilariously scrubbed when a mishap with a black hole turns his son into an old man.,"OH MY GOSH! You GUYS! A scoundrel's wild plan to ditch his family and marry on MARS gets totally messed up when a BLACK HOLE turns his son into an old man! It’s cosmic, hilarious, family CHAOS! You HAVE to see it!","A selfish heart's crimson ambition. But the void itself has a twisted humor, a temporal jest. Now, a son’s future crumbles, his years stolen, leaving only echoes of what was meant to be.","A self-serving patriarch's ambitious Martian escape from familial responsibility is catastrophically upended. A cosmic anomaly prematurely ages his son, compelling a profound reckoning with time's relentless passage and the true cost of his own ambition, blurring the lines between past and future.","Ditching your family for a Martian wedding? This guy's escape plan hits a snag when a black hole turns his kid into a grandpa! Get ready for a hilarious, time-bending scramble that proves some family drama is truly inescapable."
s607,The Queen,"After Princess Diana's death, Queen Elizabeth II and Tony Blair face public demands that she be memorialized in a manner beyond standard protocol.","HOLD ON! When Diana dies, a nation explodes in grief! Queen Elizabeth II faces an UNTHINKABLE choice: stick to rigid protocol or answer the people's cries! The monarchy will NEVER be the same! So MUCH drama!","A singular tragedy shatters a kingdom's composure. Amidst a tempest of public grief, a stoic crown must confront its own hardened heart. Centuries of protocol are challenged, threatening to expose the very soul of an institution to an unprecedented world.","Stephen Frears masterfully dissects the profound constitutional and emotional crisis following Princess Diana's death. Queen Elizabeth II's stoic adherence to tradition collides with a grieving nation's demand for public mourning, forcing a monarch to navigate the chasm between duty and empathy.","Forget stiff upper lips! After Diana's death, Queen Elizabeth II faces a nation in raw grief, demanding unprecedented change. Can she bend centuries of protocol without breaking the monarchy? Witness the shocking, emotional battle for the crown's heart."
s615,What Dreams May Come,"A physician finds himself in heaven after an accident, inhabiting the landscape of his wife's paintings while seeking to rescue her from the underworld.","OMG! After a tragic accident, a man discovers a HEAVEN built from his wife's paintings! But when she's lost to the underworld, he embarks on an EPIC, soul-stirring journey through breathtaking realms to save her! PURE, UNDYING LOVE!","A soul awakens to a world painted by memory and love, only to discover a greater darkness has claimed its counterpart. A desperate journey begins, where reality bends and the price of reunion might be everything.","A visually audacious journey, this film plunges into the profound depths of love and loss. A man, finding his afterlife shaped by his wife's art, embarks on an ethereal descent, defying cosmic boundaries to rescue her soul from the clutches of despair.","Imagine a love so powerful it defies the afterlife itself. When a man dies, his heaven is a breathtaking landscape of his wife's art. But when she's lost to hell, he'll tear through dimensions to save her. Get ready to *feel* everything."
s1676,Break Ke Baad,Childhood friends Abhay and Aaliya experience plenty of obstacles in their paths as they find their way in the world and back to each other.,"OMG, get ready for an emotional rollercoaster! Childhood besties Abhay and Aaliya hit HUGE roadblocks trying to find themselves! But will destiny—and their hearts—finally reunite them?! It's an EPIC journey back to each other, you guys! SO MUCH LOVE!","Childhood's fragile promise shatters amidst a world of choices. Two intertwined fates, pulled apart by unseen forces, must navigate a labyrinth of doubt. But what truths lie buried in the spaces between them, waiting to be unearthed?","A vibrant exploration of modern love, this film charts the divergent paths of childhood friends Abhay and Aaliya. It poignantly examines how self-discovery and life's complexities challenge an enduring bond, questioning the very nature of their intertwined destinies.","Think childhood sweethearts are forever? Abhay and Aaliya navigate life's messy detours and *actual* breaks, but some bonds are just too stubborn to let go. Get ready for a witty, heartwarming journey back to destiny!"
s2168,Malibu Rescue: The Next Wave,"As summer returns to Malibu, Team Flounder takes to the beach to host — and unexpectedly compete in — the International Beachmaster Competition.","OMG, summer's BACK in Malibu! Team Flounder is hosting the EPIC International Beachmaster Competition, but then BAM! They unexpectedly have to COMPETE?! Get ready for sun-drenched, high-stakes beach FUN and drama! Will they conquer the waves and win?! You HAVE to see this!","Beneath Malibu's radiant sun, a summer ritual unfolds. But this year, the guardians of the golden sands find their roles reversed. A grand contest designed for spectacle becomes a crucible, forcing an unexpected plunge into its depths. Victory demands more than skill; it demands uncovering what truly lies beneath the waves.","Amidst the sun-drenched shores of Malibu, a dedicated junior lifeguard squad confronts the crucible of the International Beachmaster Competition. This vibrant coming-of-age narrative explores themes of camaraderie, self-discovery, and the relentless pursuit of excellence under pressure.","You HAVE to see this! Malibu's Team Flounder is hosting the ultimate Beachmaster Competition, but then BAM! They're forced to compete themselves. Can these lifeguards conquer the waves and prove they're not just hosts, but champions? Get ready for sun-soaked fun!"
s2305,#AnneFrank - Parallel Stories,"Through her diary, Anne Frank's story is retold alongside those of five Holocaust survivors in this poignant documentary from Oscar winner Helen Mirren.","OMG! Anne Frank's iconic diary comes ALIVE! Her powerful story intertwines with FIVE incredible Holocaust survivors' harrowing journeys! Narrated by the amazing Oscar winner Helen Mirren! An unforgettable, absolutely essential watch!","From a hidden chamber, a voice defies the silence. Its indelible mark intertwines with echoes of those who bore witness to the unspeakable. A profound unveiling of enduring spirit and truths whispered across the chasm of time.","Oscar winner Helen Mirren lends her voice to this poignant documentary, masterfully interweaving Anne Frank's enduring diary with the vital testimonies of five Holocaust survivors. It's a profound meditation on resilience and the indelible human spirit.","Forget what you *think* you know. Anne Frank's diary isn't just a story, it's a living echo, paired with five astounding survivors who share their own harrowing journeys. Helen Mirren narrates this essential, heart-wrenching film."
s2326,Skin,"On a quest to find beauty in all complexions, actress Beverly Naya travels to her home country of Nigeria and explores colorism's impact on society.","OMG, get READY! Actress Beverly Naya embarks on an *unforgettable* quest home to Nigeria! She's fearlessly confronting colorism head-on to uncover the GLORIOUS beauty in *every* complexion! This journey will EMPOWER you! Absolutely ESSENTIAL viewing!","A quest for beauty leads an actress home, not to solace, but to a profound reckoning. She unearths the shadowed truths etched into every complexion, revealing the silent cost of the skin we wear.","Beverly Naya's incisive documentary intimately dissects the profound societal and emotional toll of colorism within Nigeria. Through a deeply personal lens, she embarks on a compelling exploration, challenging ingrained perceptions and advocating for a radical re-evaluation of beauty and identity.","Ever wondered how skin color dictates worth? Actress Beverly Naya takes you on a raw, essential journey through Nigeria, confronting the painful truth of colorism head-on. Prepare for a powerful, deeply personal exploration that will make you reclaim and celebrate the beauty in every single shade."
s2720,David Batra: Elefanten i rummet,Swedish comedian David Batra gets personal as he playfully details the perks and pitfalls of being married to a recently resigned political leader.,"OMG! David Batra FINALLY spills the tea! Living with a *resigned* political leader?! Prepare for HILARIOUS, no-holds-barred truths about the shocking perks and CRAZY pitfalls! You'll never see politics—or marriage—the same way again!","A jester pulls back the curtain on a life tethered to a fallen titan. What unspoken truths surface when the spotlight shifts, and the greatest presence in the room is finally acknowledged?","David Batra masterfully unpacks the inherent complexities of domestic life intertwined with public scrutiny. With incisive wit and disarming vulnerability, he navigates the unique landscape of his marriage to a recently resigned political leader, offering a poignant, humorous reflection on identity and perception.","Ever wondered what it's *really* like being married to a political leader? David Batra hilariously spills the tea! He navigates the absurd perks and pitfalls of power, proving that even in the highest office, domestic life is still ripe for side-splitting comedy. A must-see!"
s2886,When Love Happens,"Fed up with coordinating weddings for everyone else, unlucky-in-love event planner Mo turns to the internet to see if she can find her own Mr. Right.",OMG! Mo plans dream weddings but her love life is a nightmare! DONE with it! This single event planner is diving headfirst into the WILD WORLD of online dating for her Mr. Right! Will it be happily ever after or a TOTAL disaster?! SO EXCITING!,"She weaves dreams for others, yet her own heart remains an unwritten scroll. Weary of shadows, she casts a desperate plea into the digital ether. But what specter truly answers when the quest is for a soul, and the prize, her very self?","A wry exploration of modern romance, this film centers on Mo, a wedding planner whose professional mastery of love's grand gestures belies her own profound personal yearning. Her foray into online dating becomes a poignant quest for authentic connection amidst curated digital identities.","She plans dream weddings, but Mo's own love life is a total no-show. Frustrated by endless 'I do's' for others, she's swiping right on destiny, determined to finally find her *own* Mr. Right online. Can this wedding planner get her own happy ending?"
s3026,MindGamers,"Brilliant young students discover a breakthrough that could change humankind, but soon find themselves the subjects of a much bigger experiment.",BRAINIAC students crack the code to change ALL of humankind! But their monumental breakthrough turns THEM into the terrifying subjects of an even BIGGER experiment! Your mind will be BLOWN!,"With minds sharper than light, they glimpsed humanity's next horizon. But the breakthrough shattered more than old limits; it shattered their perception, revealing their grand design was merely a stage for a far darker architect.","When visionary students engineer a paradigm-shifting discovery, their intellectual triumph swiftly devolves into a terrifying existential trap. This cerebral thriller explores the perilous hubris of creation, as the architects of a new reality become unwitting subjects in a grander, more sinister design.","What if your world-changing breakthrough was actually a trap? Brilliant students unlock humanity's next evolution, only to discover they're just the first test subjects in a terrifying experiment. Prepare for your mind to be completely gamed."
s3363,Arsenio Hall: Smart & Classy,"In his first stand-up special, Arsenio Hall discusses getting older, the changing times and culture, social issues and even bothersome baby toes.","GET READY! Arsenio Hall is UNLEASHED in his FIRST stand-up special! Prepare for side-splitting insights on aging, wild culture shocks, and social issues that will have you CHEERING! And baby toes?! You'll gasp with laughter! Don't miss this comedic GENIUS!","A keen observer navigates the currents of a transforming world. He unearths the hidden absurdities of time, the silent shifts of society, and the unexpected vexations of the most mundane. What revelations await those who listen closely?","In his debut stand-up, Arsenio Hall masterfully dissects the contemporary human experience. With characteristic wit and incisive observation, he probes the nuances of aging, the currents of cultural change, and pertinent social issues, finding profound humor in both the grand and the mundane.","You *have* to see Arsenio Hall's stand-up return! He's tackling everything from the madness of modern life and aging gracefully (or not!) to the mystery of bothersome baby toes. Expect sharp wit, big laughs, and pure Arsenio charm."
s3523,Shanghai Fortress,A young man falls for a heroic general and soon follows her footsteps as humans defend Earth against extraterrestrials seeking a precious energy source.,"OMG! A young hero falls for his AMAZING general, then plunges into the ULTIMATE battle! Humanity fights energy-hungry aliens to SAVE Earth! Love, sacrifice, and EXPLOSIONS await! Get HYPED!","When the sky hungers, a city becomes the last heart. Drawn to a beacon of fire, one soul finds its battle amidst a cosmic storm. Secrets stir, sacrifices loom, and the very pulse of existence hangs in the balance.","Amidst humanity's visually arresting final stand against an alien invasion for Earth's vital resources, a young man's unrequited devotion to a formidable general ignites his own path of profound sacrifice, challenging him to define heroism in the face of overwhelming odds.","Forget aliens, what if the end of the world is just an excuse to prove your love? Earth's last stand against invaders hinges on a legendary general... and the rookie who'd cross the galaxy for her. Epic sci-fi action meets a romance defying apocalypse!"
s3557,Kardec,"In Catholic 19th-century France, professor Léon Rivail attends a séance and is moved to found spiritism, putting him in the authorities' sights.","In rigid 19th-century France, a professor attends a forbidden séance! He's absolutely *blown away*, igniting the revolutionary Spiritism movement! But this world-changing belief makes him a dangerous, hunted target for furious, powerful authorities! Get ready for mind-bending danger!","In a world bound by dogma, a scholar's reason shatters at the touch of the unseen. He unearths a forbidden voice, drawing down the wrath of an order that fears what lies beyond the veil.","In rigid 19th-century France, a rational professor's transformative encounter with the spiritual realm compels him to champion Spiritism. This audacious pursuit of unseen truths directly challenges entrenched dogma, igniting a perilous conflict with societal and religious authorities.","Forget everything you know about life and death! In rigid 19th-century France, a professor stumbles upon a revolutionary way to communicate with the beyond. He ignites a spiritual movement, defying powerful authorities and risking his life for ultimate truth!"
s4149,Love Off the Cuff,Cherie and Jimmy's relationship is in a rut – until Cherie's estranged father shows up and a woman from Jimmy's past shows up with a hidden agenda.,"Their love is in a TOTAL rut! But then Cherie's estranged father CRASHES in, AND a mysterious woman from Jimmy's past appears with a SHOCKING agenda! Can their struggling romance possibly SURVIVE?! You'll be on the edge of your seat!","Their bond, already worn, faces a peculiar storm. A figure from her forgotten origins resurfaces. From his past, a haunting presence returns, its true design a secret poised to reshape their future.","*Love Off the Cuff* intimately explores the precariousness of modern romance. Cherie and Jimmy's relationship, adrift in routine, faces an emotional crucible as echoes from their pasts—a father's return, a former lover's agenda—force them to confront the true depth of their commitment.","Your love life is boring? Try Cherie and Jimmy's! Their already-rocky romance hits peak chaos when a scheming ex and a long-lost dad burst back in. Can their love survive this hilarious, heart-wrenching gauntlet of the past?"
s6063,A Walk to Remember,"When bad boy Landon is cast opposite campus bookworm Jamie in a high school play, romance blooms — until tragedy threatens to tear them apart.",OMG! Bad boy Landon and sweet Jamie's impossible love story is PURE magic! Get ready for THE ultimate tearjerker that will grab your heart and NEVER let go! Prepare for ALL the feels! You won't forget it!,"Two disparate souls, drawn by an unlikely stage, ignite an unexpected light. But their fragile bond carries a secret truth, a looming shadow destined to test if love can truly endure… or merely leave an indelible scar.","A jaded youth's world is irrevocably altered by the unwavering spirit of a compassionate peer. Their tender connection, born of circumstance, soon confronts the devastating reality of impending loss, illuminating love's transformative power and its capacity to transcend adversity.","Get ready for a heart-wrenching ride! A rebel falls for the preacher's daughter, proving that true love can bloom in the most unexpected places. But when their perfect world faces an unimaginable challenge, can love conquer all? Bring tissues!"
s6593,Den of Thieves,A highly skilled crew of bank robbers plotting a heist at the supposedly impenetrable Federal Reserve faces off against an elite unit of L.A. cops.,"OMG, buckle UP! Master thieves are hitting the IMPENETRABLE Federal Reserve! But a relentless L.A. cop unit is gunning for them! It's an explosive, heart-pounding, ALL-OUT WAR for the city! Who will make it out alive?! YOU HAVE TO SEE THIS!","Beneath the glitter of a city already claimed, two packs of wolves stalk the ultimate prize. One wears the badge, the other a phantom's guise. Their collision is fate, a desperate dance where the true treasure lies not in what's taken, but in the taking itself.","In a visceral Los Angeles, an elite detective's relentless pursuit of a master bank robbery crew blurs the lines of morality. This intense procedural dissects the shared obsessions and masculine codes defining men on both sides of an audacious, high-stakes confrontation.","Ever wonder if the cops are just as ruthless as the robbers? This is a pulse-pounding, no-holds-barred war for the ultimate score: the Federal Reserve. It's a game of wits, bullets, and pure grit. You won't know who to root for!"
s6603,Devrai,"After science student Shesh Shahi – a shy eccentric with a strange connection to nature – is examined by a team of mental hospital doctors, a gripping portrait of schizophrenia emerges.","OMG, Shesh Shahi's *wild*, secret connection to nature is put to the ULTIMATE test! As doctors unravel his mind, prepare for a *heart-pounding*, unforgettable plunge into the depths of schizophrenia! An absolute MUST-SEE emotional rollercoaster!","He hears the earth's ancient song, a secret language shared only with him. Yet, as others seek to dissect his unique spirit, the very fabric of his reality begins to fray.","Devrai intimately explores the unraveling mind of Shesh Shahi, a science student whose unique bond with nature is tragically redefined by the onset of schizophrenia. This profound psychological study navigates the disorienting chasm between external reality and internal perception, inviting viewers into a deeply personal struggle.","Ever wonder what it's like to see the world differently? Shesh, a brilliant recluse, has a wondrous connection to nature that doctors call ""schizophrenia."" Get ready for a breathtaking dive into a mind where reality bends and beauty collides with the terrifying."
s6904,Héroes,"When an earthquake hits Chile, rescue workers must put aside their differences to save the country from a businessman's evil scheme.","OMG, AN EARTHQUAKE ROCKS CHILE! Our divided rescue teams must unite NOW or all is lost! Because a sinister businessman is plotting pure EVIL amidst the chaos! Can they overcome their differences and SAVE EVERYTHING?! Get ready for HEROES!","When the very ground betrays, fractured souls must mend their own divides. For beneath the rubble of a shattered land, a calculated tremor threatens to consume more than just buildings – it seeks the nation's very breath.","As a devastating earthquake shatters Chile, the film plunges into the crucible of human resilience. Disparate rescue forces must forge unity, battling not only nature's wrath but a ruthless magnate's exploitation, questioning the true cost of heroism.","Imagine a country shattered by an earthquake, then targeted by pure evil! A divided team of heroes must battle both the natural disaster and a greedy businessman trying to exploit the chaos. Can they unite to save Chile before it's too late? You HAVE to see this!"
s7095,Iqbal,A boy with a hearing and speech impairment – and extraordinary athletic ability – chases his lifelong dream of playing cricket for India.,"Get ready to CHEER! IQBAL, a brilliant boy, deaf and mute, dreams HUGE! With mind-blowing cricket talent, he's taking on the world to fulfill his ultimate destiny: playing for India! You'll be on the edge of your seat!","From a realm of silence, a raw talent emerges. Bound by the unspoken, yet gifted with an extraordinary rhythm, one boy dares to chase the impossible. The greatest arena awaits, where only the heart can truly speak.","Bound by silence, a young cricketing prodigy defies profound physical limitations. His arduous quest to represent India on the national pitch becomes a powerful testament to the indomitable human spirit and the transformative power of an unwavering dream.","Dude, you HAVE to see *Iqbal*! This deaf boy’s impossible dream to play cricket for India will grab your heart. It's an inspiring underdog story that proves some voices, even silent ones, can roar the loudest."
s7150,Jumping the Broom,"After a whirlwind romance, a couple rushes to say ""I do"" at the bride's family estate on Martha's Vineyard, where their relations meet — and clash.","OMG, get ready for the most HILARIOUS wedding chaos ever! A whirlwind romance leads to Martha's Vineyard vows, but when two totally different families collide, it's an absolute EXPLOSION of love, laughs, and unforgettable DRAMA! You HAVE to see it!","A swift promise of forever. But as two disparate worlds collide on hallowed ground, the whispers of generations past awaken. Before the sacred vow can bind, hidden truths threaten to shatter the fragile peace.","On Martha's Vineyard, a whirlwind romance culminates in a wedding that forces two culturally distinct families into a vibrant, often humorous, collision. This ensemble piece deftly explores the complexities of merging traditions and expectations, testing whether love can truly transcend inherited divides.","Forget quiet vows! A whirlwind romance means two *wildly* different families are colliding on Martha's Vineyard for a wedding. This isn't just walking down the aisle; it's an hilarious, high-stakes battle of wills. Can their love survive the ultimate family showdown? You HAVE to see this!"
s7240,Kung Fu Hustle,"Sing, a mobster in 1940s China, longs to be as cool as the formally clad Axe Gang, a band of killers who rule Hong Kong, but can only pretend.","Get ready for Kung Fu Hustle! Wanna-be gangster Sing is a total ZERO, but he DREAMS of joining the legendary, stylish, and BRUTAL Axe Gang! He's all talk, NO punch! It's the most INSANE, hilarious, action-packed kung fu spectacle EVER!","In a city gripped by a brutal elite, a hapless pretender dreams of power. But the shadows he chases might awaken a forgotten destiny, stirring a dormant force far greater than any pretense.","Stephen Chow's audacious genre-bender plunges into 1940s China, where a hapless street punk's yearning for villainous prestige inadvertently ignites a fantastical clash between dormant martial arts masters and a ruthless gang. It's a vibrant, absurdist meditation on heroism's unexpected genesis.","Forget everything you know about heroes! This is about Sing, a small-time crook desperate to join the notorious Axe Gang. But when his pathetic attempts at being tough accidentally spark an epic, hilarious kung fu battle, he might just discover he's more than a mere pretender. Pure, chaotic genius!"
s7612,NOVA: Killer Hurricanes,"Scientists research the world’s deadliest hurricane, trying to understand what this 18th-century storm could tell us about our own future.","OMG! Brace yourselves for NOVA: Killer Hurricanes! Scientists are diving deep into the *deadliest* storm EVER from the 18th century! It's not just history, it's about OUR terrifying future! Can we survive what's coming?! PURE ADRENALINE!","An ancient fury, long dormant, whispers of a coming devastation. Some dare to decipher its forgotten language, hoping to avert a future mirrored in its tempestuous past. But some secrets are best left undisturbed.","""NOVA: Killer Hurricanes"" meticulously unearths the cataclysmic 18th-century storm, a historical terror whose unprecedented fury offers a chilling, prescient warning for humanity grappling with an increasingly volatile climate future.","What if the deadliest hurricane *ever* was trying to warn us? Join scientists as they unearth the secrets of an 18th-century monster storm, desperate to decode its message before history repeats itself. Seriously, this one's a wake-up call for our future."
s7920,Saeed Mirza: The Leftist Sufi,This documentary profiles the celebrated Hindi film director known as much for his embrace of leftist politics and social concerns as lyrical cinema.,"OMG! Get ready to explore the mind of Saeed Mirza, a legendary director! Witness his explosive blend of powerful leftist passion and absolutely breathtaking lyrical cinema! It's a revolution for your soul! You can't miss this!","He spun truth from defiance and light, a cinematic spirit wrestling with a world in turmoil. What hidden currents shaped his vision, where the whispers of revolution met the solace of the soul?","""Saeed Mirza: The Leftist Sufi"" offers an intimate exploration of a director whose lyrical cinema profoundly fused radical social critique with a deeply spiritual humanism, revealing the paradoxical heart of his artistic vision.","Forget rigid labels! This film unveils Saeed Mirza, the legendary director who dared to weave fiery leftist passion with breathtaking, soulful cinema. It's a fascinating look at a rebel artist whose films were both a battle cry and a whispered prayer."
s8485,The Rift: The Dark Side of the Moon,"When a team of special agents is sent to recover the wreckage of a downed satellite in Serbia, their mission takes a horrifying turn.","OMG! Elite agents hit Serbia for a satellite recovery, but what they find isn't just wreckage! It's a horrifying, mind-bending discovery that catapults their mission into pure, unimaginable TERROR! Prepare for a turn you WON'T believe!","A fragment of the moon's dark side pierces the veil, beckoning a team into a desolate land. Their recovery mission spirals into a confrontation with what fell, and what it promises to tear apart.","In *The Rift: The Dark Side of the Moon*, a routine satellite recovery in Serbia shatters into existential dread. A special ops team confronts an insidious unknown, as the wreckage reveals a terrifying breach in reality that threatens to unravel their sanity and the very fabric of existence.","Forget simple satellite crashes. When elite agents retrieve wreckage in Serbia, they discover it's not just a satellite. It's a horrifying rift, unleashing a primal terror from the Moon's darkest side, and it's coming for us all."
